specimen_id,source_id,study_id,data_type,material_grade,material_type,forming_route,E0,sigma_02,n,n_source,sigma_u,sigma_10,n_prime,section_type,b,h,t,L,Le,boundary_condition,w_0,w_e,w_total,N_u,failure_mode,buckling_axis,A,I_major,I_minor,R,lambda,N_cr,N_y,lambda_bar,chi,epsilon,section_class,cs_slenderness,lambda_0,inferred_failure_mode,w0,we,wtotal,t_f,t_w
afshan2013_01,afshan2013,afshan2013_A,experimental,1.4003,ferritic,cold_formed,211150,404.0,5.8,measured,472.0,451.0,3.1,RHS,79.9,120.0,2.87,1077.0,1077.0,pin-pin,0.95,0.0,0.95,463.0,,,1114.4783999999981,2286869.1763243177,1217334.473729919,33.049822596044244,32.587164329557005,2187.103550157982,450.24927359999924,0.4537240893328255,1.0283192603467217,0.7647670077502876,4,39.81184668989547,0.4,interactive,,,,,
afshan2013_02,afshan2013,afshan2013_A,experimental,1.4003,ferritic,cold_formed,211150,404.0,5.8,measured,472.0,451.0,3.1,RHS,79.9,120.0,2.81,1577.0,1577.0,pin-pin,0.96,0.09,1.05,382.0,,,1091.8536000000004,2242829.034830322,1194353.6490755205,33.07381289670813,47.68122759009018,1000.8301621495369,441.10885440000015,0.663884753757553,0.8659993926433408,0.7647670077502876,4,40.704626334519574,0.4,interactive,,,,,
afshan2013_03,afshan2013,afshan2013_A,experimental,1.4003,ferritic,cold_formed,211150,404.0,5.8,measured,472.0,451.0,3.1,RHS,79.8,120.0,2.78,2077.0,2077.0,pin-pin,1.05,0.33,1.38,391.0,,,1079.974400000001,2218840.4319709875,1179487.2211677872,33.04759726860481,62.84874458855586,569.7850867766573,436.3096576000004,0.8750681438792592,0.8961525219284985,0.7647670077502876,4,41.16546762589928,0.4,interactive,,,,,
afshan2013_04,afshan2013,afshan2013_A,experimental,1.4003,ferritic,cold_formed,211150,404.0,5.8,measured,472.0,451.0,3.1,RHS,79.8,119.7,2.73,2577.0,2577.0,pin-pin,1.1,0.62,1.72,308.0,,,1059.4583999999977,2168976.719866319,1157840.3619619187,33.05844246454783,77.95285584805146,363.3378808957959,428.0211935999991,1.0853687106021044,0.7195905357150069,0.7647670077502876,4,41.84615384615385,0.4,interactive,,,,,
afshan2013_05,afshan2013,afshan2013_B,experimental,1.4003,ferritic,cold_formed,217200,417.0,6.4,measured,475.0,475.0,3.3,RHS,39.9,59.9,2.79,1177.0,1177.0,pin-pin,1.12,0.0,1.12,103.0,,,525.7475999999997,256214.23439051994,134089.60295051997,15.970146605938098,73.70001221919667,207.4921856493242,219.23674919999988,1.0279116877869585,0.46981174632377765,0.7634597868782603,1,19.46953405017921,0.4,global_flexural,,,,,
afshan2013_06,afshan2013,afshan2013_B,experimental,1.4003,ferritic,cold_formed,217200,417.0,6.4,measured,475.0,475.0,3.3,RHS,39.8,59.9,2.72,1577.0,1577.0,pin-pin,1.09,0.0,1.09,72.0,,,512.7744,250331.3328019199,130597.71012351992,15.958961003933124,98.8159567287209,112.57235247033677,213.8269248,1.3782097696158253,0.3367209254276288,0.7634597868782603,2,20.02205882352941,0.4,global_flexural,,,,,
afshan2013_07,afshan2013,afshan2013_B,experimental,1.4003,ferritic,cold_formed,217200,417.0,6.4,measured,475.0,475.0,3.3,RHS,39.9,59.9,2.79,2077.0,2077.0,pin-pin,1.05,0.33,1.38,51.0,,,525.7475999999997,256214.23439051994,134089.60295051997,15.970146605938098,130.05516174959345,66.63182033208999,219.23674919999988,1.8139104295102062,0.23262523361662776,0.7634597868782603,1,19.46953405017921,0.4,global_flexural,,,,,
afshan2013_08,afshan2013,afshan2013_B,experimental,1.4003,ferritic,cold_formed,217200,417.0,6.4,measured,475.0,475.0,3.3,RHS,39.9,59.9,2.76,2577.0,2577.0,pin-pin,0.95,0.77,1.72,30.0,,,520.4256000000003,253889.49649472008,132925.01873472004,15.981739200285157,161.24653066257142,42.907919720633025,217.0174752000001,2.2489439077729636,0.1382377155219986,0.7634597868782603,2,19.702898550724637,0.4,global_flexural,,,,,
afshan2013_09,afshan2013,afshan2013_C,experimental,1.4003,ferritic,cold_formed,211250,404.0,6.3,measured,447.0,456.0,2.6,SHS,80.0,80.1,2.79,1577.0,1577.0,pin-pin,1.15,0.0,1.15,273.0,,,862.2215999999999,859733.9064547193,858067.80174552,31.546512438009167,49.98967803806845,719.3739086335852,348.3375263999999,0.6958614708448242,0.783722623345815,0.7649480819821965,4,26.709677419354836,0.4,interactive,,,,,
afshan2013_10,afshan2013,afshan2013_C,experimental,1.4003,ferritic,cold_formed,211250,404.0,6.3,measured,447.0,456.0,2.6,SHS,79.8,80.0,2.79,2077.0,2077.0,pin-pin,1.05,0.33,1.38,222.0,,,860.5475999999999,855571.87661772,852252.5893633201,31.469998038037296,65.99936858876072,411.9000070042253,347.66123039999997,0.9187180134673113,0.6385526500742662,0.7649480819821965,4,26.67383512544803,0.4,interactive,,,,,
afshan2013_11,afshan2013,afshan2013_C,experimental,1.4003,ferritic,cold_formed,211250,404.0,6.3,measured,447.0,456.0,2.6,SHS,79.8,80.1,2.78,2577.0,2577.0,pin-pin,1.05,0.67,1.72,164.0,,,858.1304000000009,855314.0216353867,850345.2351725871,31.479005068955264,81.86408669381514,266.97027474625526,346.6846816000004,1.1395565247038653,0.4730523403662258,0.7649480819821965,4,26.81294964028777,0.4,interactive,,,,,
afshan2013_12,afshan2013,afshan2013_D,experimental,1.4509,ferritic,cold_formed,215130,483.0,6.3,measured,534.0,531.0,3.1,SHS,60.4,60.4,2.85,1177.0,1177.0,pin-pin,1.25,0.0,1.25,214.0,,,656.0700000000002,363039.06812500005,363039.06812500005,23.523481176617263,50.03511134950374,556.4179869422885,316.88181000000003,0.7546543411769371,0.6753306540378572,0.7059943200108675,3,19.19298245614035,0.4,global_flexural,,,,,
afshan2013_13,afshan2013,afshan2013_D,experimental,1.4509,ferritic,cold_formed,215130,483.0,6.3,measured,534.0,531.0,3.1,SHS,60.5,60.6,2.82,1577.0,1577.0,pin-pin,1.15,0.0,1.15,166.0,,,651.1944000000003,363045.05570592004,362104.4720975201,23.580967280459355,66.87596743780733,309.15140492208366,314.5268952000001,1.0086564771450108,0.5277768055238792,0.7059943200108675,3,19.48936170212766,0.4,global_flexural,,,,,
afshan2013_14,afshan2013,afshan2013_D,experimental,1.4509,ferritic,cold_formed,215130,483.0,6.3,measured,534.0,531.0,3.1,SHS,60.4,60.5,2.86,2077.0,2077.0,pin-pin,1.1,0.28,1.38,116.0,,,658.8295999999996,365552.75647938653,364603.4270125865,23.524685262843903,88.29023541838923,179.45207148842712,318.2146967999998,1.331637077343729,0.36453376027728485,0.7059943200108675,3,19.153846153846157,0.4,global_flexural,,,,,
afshan2013_15,afshan2013,afshan2013_D,experimental,1.4509,ferritic,cold_formed,215130,483.0,6.3,measured,534.0,531.0,3.1,SHS,60.6,60.6,2.91,2577.0,2577.0,pin-pin,1.15,0.57,1.72,82.0,,,671.5115999999998,373428.07081812,373428.07081812,23.581787464057935,109.2792479759103,119.39299495130547,324.34010279999995,1.6482037645428296,0.2528210335142066,0.7059943200108675,2,18.824742268041238,0.4,global_flexural,,,,,
buchanan2018_01,buchanan2018,buchanan2018_A,experimental,1.4432,austenitic,cold_formed,196050,283.5,8.6,measured,615.0,323.5,3.65,CHS,105.74,,2.78,554.27,554.27,pin-pin,0.25,0.21,0.46,267.0,global_flexural,-,899.2142953258232,1192413.2324776296,1192413.2324776296,36.41512391850396,15.220873646906734,7510.184962027401,254.92725272487087,0.1842395297044825,1.047357617304881,0.8796930796227198,1,38.03597122302158,0.4,yielding,,,,,
buchanan2018_02,buchanan2018,buchanan2018_A,experimental,1.4432,austenitic,cold_formed,196050,283.5,8.6,measured,615.0,323.5,3.65,CHS,105.81,,2.88,754.21,754.21,pin-pin,0.05,0.68,0.73,244.8,global_flexural,-,931.288699681914,1234292.7095226592,1234292.7095226592,36.40549288912319,20.716928687026076,4198.558251745324,264.0203463598226,0.250765973541517,0.9272012682930582,0.8796930796227198,1,36.739583333333336,0.4,yielding,,,,,
buchanan2018_03,buchanan2018,buchanan2018_A,experimental,1.4432,austenitic,cold_formed,196050,283.5,8.6,measured,615.0,323.5,3.65,CHS,105.77,,2.72,754.21,754.21,pin-pin,0.4,0.46,0.86,242.2,global_flexural,-,880.5758544306041,1169702.0280994962,1169702.0280994962,36.44636624548461,20.693695358270183,3978.847208827513,249.64325473107624,0.25048474805717524,0.970184434828434,0.8796930796227198,2,38.8860294117647,0.4,yielding,,,,,
buchanan2018_04,buchanan2018,buchanan2018_A,experimental,1.4432,austenitic,cold_formed,196050,283.5,8.6,measured,615.0,323.5,3.65,CHS,105.78,,2.79,954.0,954.0,pin-pin,0.2,0.8,1.0,253.4,global_flexural,-,902.7118304270632,1197754.6390075553,1197754.6390075553,36.42582222819411,26.190211823457215,2546.464957995865,255.91880392607243,0.3170167771673969,0.9901578004920654,0.8796930796227198,1,37.913978494623656,0.4,yielding,,,,,
buchanan2018_05,buchanan2018,buchanan2018_A,experimental,1.4432,austenitic,cold_formed,196050,283.5,8.6,measured,615.0,323.5,3.65,CHS,105.84,,2.83,1154.0,1154.0,pin-pin,0.25,0.9,1.15,248.8,global_flexural,-,915.8317496669845,1215660.0677630547,1215660.0677630547,36.433276341827955,31.674340489524603,1766.3108045425797,259.6383010305901,0.38339885941275237,0.9582561548601677,0.8796930796227198,1,37.399293286219084,0.4,yielding,,,,,
buchanan2018_06,buchanan2018,buchanan2018_A,experimental,1.4432,austenitic,cold_formed,196050,283.5,8.6,measured,615.0,323.5,3.65,CHS,105.63,,2.74,1657.0,1657.0,pin-pin,1.0,0.75,1.75,201.3,global_flexural,-,885.6734026703193,1172837.4709888722,1172837.4709888722,36.39000498076362,45.53448126418006,826.5314968222054,251.08840965703553,0.5511675353244267,0.8017096459169818,0.8796930796227198,1,38.551094890510946,0.4,global_flexural,,,,,
buchanan2018_07,buchanan2018,buchanan2018_A,experimental,1.4432,austenitic,cold_formed,196050,283.5,8.6,measured,615.0,323.5,3.65,CHS,105.88,,2.71,2152.9,2152.9,pin-pin,0.75,1.41,2.16,185.5,global_flexural,-,878.3600891320284,1169469.813107532,1169469.813107532,36.48868488997649,59.001852395930165,488.2113734464234,249.01508526893008,0.7141819707128718,0.7449347889894486,0.8796930796227198,2,39.07011070110701,0.4,global_flexural,,,,,
buchanan2018_08,buchanan2018,buchanan2018_A,experimental,1.4432,austenitic,cold_formed,196050,283.5,8.6,measured,615.0,323.5,3.65,CHS,105.64,,2.73,2652.5,2652.5,pin-pin,0.5,2.19,2.69,159.4,global_flexural,-,882.6125489479258,1169232.2584198439,1169232.2584198439,36.39697961369872,72.876926276643,321.5559837419074,250.22065762673697,0.8821314029004911,0.6370377310644857,0.8796930796227198,2,38.69597069597069,0.4,global_flexural,,,,,
buchanan2018_09,buchanan2018,buchanan2018_A,experimental,1.4432,austenitic,cold_formed,196050,283.5,8.6,measured,615.0,323.5,3.65,CHS,105.67,,2.7,3083.0,3083.0,pin-pin,5.5,-2.55,2.95,150.8,global_flexural,-,873.4224479583814,1158388.6294234886,1158388.6294234886,36.417905795089325,84.65615835646757,235.81630409794613,247.61526399620112,1.0247119294202598,0.6090093056715339,0.8796930796227198,2,39.13703703703703,0.4,global_flexural,,,,,
buchanan2018_10,buchanan2018,buchanan2018_B,experimental,1.4307/1.4301,austenitic,cold_formed,199700,373.0,4.6,measured,714.5,424.0,2.95,CHS,103.97,,1.89,553.77,553.77,pin-pin,0.05,0.42,0.47,241.1,global_flexural,-,606.111240568263,789755.256424082,789755.256424082,36.09691555382537,15.341199975223763,5075.881636972874,226.07949273196212,0.21104489036124613,1.0664390524170455,0.7740319726612733,4,55.01058201058201,0.4,local,,,,,
buchanan2018_11,buchanan2018,buchanan2018_B,experimental,1.4307/1.4301,austenitic,cold_formed,199700,373.0,4.6,measured,714.5,424.0,2.95,CHS,104.01,,1.89,753.84,753.84,pin-pin,0.15,0.7,0.85,232.1,global_flexural,-,606.3487449728748,790683.8037185707,790683.8037185707,36.11105526705082,20.875601513861987,2742.3463051486706,226.16808187488232,0.28718021014218653,1.026227918970455,0.7740319726612733,4,55.03174603174604,0.4,local,,,,,
buchanan2018_12,buchanan2018,buchanan2018_B,experimental,1.4307/1.4301,austenitic,cold_formed,199700,373.0,4.6,measured,714.5,424.0,2.95,CHS,103.97,,1.88,954.0,954.0,pin-pin,0.15,1.0,1.15,204.2,global_flexural,-,602.9633647293663,785804.6564675397,785804.6564675397,36.10038521262621,26.426310810288417,1701.7496064731833,224.90533504405363,0.3635398714974501,0.9079375549717487,0.7740319726612733,4,55.3031914893617,0.4,local,,,,,
buchanan2018_13,buchanan2018,buchanan2018_B,experimental,1.4307/1.4301,austenitic,cold_formed,199700,373.0,4.6,measured,714.5,424.0,2.95,CHS,103.92,,1.75,2653.5,2653.5,pin-pin,0.25,2.24,2.49,109.0,global_flexural,-,561.7089124802214,733154.5071826346,733154.5071826346,36.12784833061608,73.44749611759539,205.22730169988418,209.5174243551226,1.0103980647198285,0.5202431269642276,0.7740319726612733,4,59.38285714285714,0.4,interactive,,,,,
buchanan2018_14,buchanan2018,buchanan2018_C,experimental,1.4307/1.4301,austenitic,cold_formed,204400,346.0,5.0,measured,738.0,390.0,2.8,CHS,104.14,,1.86,1153.5,1153.5,pin-pin,2.0,-0.97,1.03,180.8,global_flexural,-,597.6590996930453,781787.2598594525,781787.2598594525,36.1674197310231,31.893345131573472,1185.3156757150116,206.79004849379368,0.4176839656254912,0.8743167348569305,0.8130676466772108,3,55.98924731182795,0.4,global_flexural,,,,,
buchanan2018_15,buchanan2018,buchanan2018_C,experimental,1.4307/1.4301,austenitic,cold_formed,204400,346.0,5.0,measured,738.0,390.0,2.8,CHS,104.09,,1.85,1656.6,1656.6,pin-pin,0.05,1.67,1.72,154.8,global_flexural,-,594.2134008705885,776669.6041025739,776669.6041025739,36.15321579749164,45.82164998210027,570.9283799746734,205.59783670122363,0.6000928531350525,0.7529262101378847,0.8130676466772108,3,56.26486486486486,0.4,global_flexural,,,,,
buchanan2018_16,buchanan2018,buchanan2018_C,experimental,1.4307/1.4301,austenitic,cold_formed,204400,346.0,5.0,measured,738.0,390.0,2.8,CHS,104.08,,1.79,2153.6,2153.6,pin-pin,0.75,1.41,2.16,126.4,global_flexural,-,575.2227874389026,752567.4385236104,752567.4385236104,36.17051319790749,59.540211337797345,327.3376614717109,199.0270844538603,0.7797548825046723,0.6350894419563425,0.8130676466772108,3,58.14525139664804,0.4,global_flexural,,,,,
buchanan2018_17,buchanan2018,buchanan2018_C,experimental,1.4307/1.4301,austenitic,cold_formed,204400,346.0,5.0,measured,738.0,390.0,2.8,CHS,104.1,,1.79,3084.0,3084.0,pin-pin,2.0,0.98,2.98,89.7,global_flexural,-,575.3352564559015,753008.8663998524,753008.8663998524,36.177583183512944,85.24615877064608,159.71731032938163,199.0659987337419,1.1164069965936205,0.45060432505089454,0.8130676466772108,3,58.15642458100558,0.4,global_flexural,,,,,
buchanan2018_18,buchanan2018,buchanan2018_D,experimental,1.4462,duplex,cold_formed,217950,579.5,4.5,measured,846.5,633.0,2.45,CHS,88.63,,2.37,403.9,403.9,pin-pin,0.2,0.29,0.49,425.2,global_flexural,-,642.2552640478126,597811.5610442902,597811.5610442902,30.50902427971108,13.238705908684173,7882.667755480605,372.1869255157074,0.21729210414007205,1.1424366920219913,0.6487479526570138,3,37.39662447257383,0.4,yielding,,,,,
buchanan2018_19,buchanan2018,buchanan2018_D,experimental,1.4462,duplex,cold_formed,217950,579.5,4.5,measured,846.5,633.0,2.45,CHS,88.63,,2.35,553.83,553.83,pin-pin,0.3,0.12,0.42,404.6,global_flexural,-,636.9830432565594,593171.4212019657,593171.4212019657,30.515899339524633,18.14889981900915,4159.909508388408,369.1316735671762,0.2978850543777837,1.0960858386658308,0.6487479526570138,3,37.714893617021275,0.4,yielding,,,,,
buchanan2018_20,buchanan2018,buchanan2018_D,experimental,1.4462,duplex,cold_formed,217950,579.5,4.5,measured,846.5,633.0,2.45,CHS,88.78,,2.41,753.93,753.93,pin-pin,0.05,0.75,0.8,389.6,global_flexural,-,653.9278515522254,610244.2449538154,610244.2449538154,30.548291687097667,24.67993980555151,2309.3952136242324,378.95118997451465,0.4050815908585755,1.0281007430698437,0.6487479526570138,3,36.83817427385892,0.4,global_flexural,,,,,
buchanan2018_21,buchanan2018,buchanan2018_D,experimental,1.4462,duplex,cold_formed,217950,579.5,4.5,measured,846.5,633.0,2.45,CHS,88.77,,2.37,954.0,954.0,pin-pin,0.15,0.74,0.89,344.4,global_flexural,-,643.2976444902741,600725.5653441817,600725.5653441817,30.558503112881688,31.218806643635926,1419.8288095513192,372.79098498211386,0.5124065925422426,0.923842082759925,0.6487479526570138,3,37.45569620253164,0.4,global_flexural,,,,,
buchanan2018_22,buchanan2018,buchanan2018_D,experimental,1.4462,duplex,cold_formed,217950,579.5,4.5,measured,846.5,633.0,2.45,CHS,88.77,,2.37,1154.0,1154.0,pin-pin,0.05,0.96,1.01,295.3,global_flexural,-,643.2976444902741,600725.5653441817,600725.5653441817,30.558503112881688,37.76362983936673,970.333702406225,372.79098498211386,0.6198293582743689,0.7921328891957198,0.6487479526570138,3,37.45569620253164,0.4,global_flexural,,,,,
buchanan2018_23,buchanan2018,buchanan2018_D,experimental,1.4462,duplex,cold_formed,217950,579.5,4.5,measured,846.5,633.0,2.45,CHS,88.63,,2.35,1656.6,1656.6,pin-pin,1.0,0.62,1.62,243.4,global_flexural,-,636.9830432565594,593171.4212019657,593171.4212019657,30.515899339524633,54.286455121915665,464.94493759435636,369.1316735671762,0.8910250096279297,0.6593853018568048,0.6487479526570138,3,37.714893617021275,0.4,global_flexural,,,,,
buchanan2018_24,buchanan2018,buchanan2018_D,experimental,1.4462,duplex,cold_formed,217950,579.5,4.5,measured,846.5,633.0,2.45,CHS,88.77,,2.3,2152.8,2152.8,pin-pin,2.75,0.26,3.01,164.7,global_flexural,-,624.8030885385905,584374.4939811883,584374.4939811883,30.582574491039843,70.39302726559966,271.2317345893653,362.0733898081132,1.1553885339576897,0.4548801558912835,0.6487479526570138,4,38.595652173913045,0.4,interactive,,,,,
buchanan2018_25,buchanan2018,buchanan2018_D,experimental,1.4462,duplex,cold_formed,217950,579.5,4.5,measured,846.5,633.0,2.45,CHS,88.72,,2.33,2653.4,2653.4,pin-pin,2.0,0.67,2.67,126.4,global_flexural,-,632.36710117064,590366.9382745263,590366.9382745263,30.55458435325212,86.8413056883093,180.37369303750478,366.4567351283859,1.4253606182841374,0.34492475613994794,0.6487479526570138,4,38.07725321888412,0.4,interactive,,,,,
buchanan2018_26,buchanan2018,buchanan2018_D,experimental,1.4462,duplex,cold_formed,217950,579.5,4.5,measured,846.5,633.0,2.45,CHS,88.67,,2.32,3082.5,3082.5,pin-pin,1.25,1.75,3.0,100.5,global_flexural,-,629.3615394789508,587013.7603752037,587013.7603752037,30.540352199999262,100.93203836726134,132.8919671007146,364.715012128052,1.656637374018723,0.275557618025096,0.6487479526570138,4,38.2198275862069,0.4,interactive,,,,,
buchanan2018_27,buchanan2018,buchanan2018_E,experimental,1.4512,ferritic,cold_formed,218750,360.0,5.1,measured,438.0,375.5,1.6,CHS,80.01,,1.34,448.9,448.9,pin-pin,0.27,0.08,0.35,119.4,global_flexural,-,331.1797860375986,256282.0078148955,256282.0078148955,27.81807977736783,16.136987297204282,2745.786175144637,119.22472297353549,0.20837701092250657,1.0014701399348473,0.8246070893776332,3,59.7089552238806,0.4,yielding,,,,,
buchanan2018_28,buchanan2018,buchanan2018_E,experimental,1.4512,ferritic,cold_formed,218750,360.0,5.1,measured,438.0,375.5,1.6,CHS,80.04,,1.34,698.6,698.6,pin-pin,0.08,0.53,0.61,111.1,global_flexural,-,331.3060780622734,256575.25447841125,256575.25447841125,27.82868484136467,25.10359379116609,1135.0249618953899,119.27018810241843,0.32416285278493423,0.9314984889987545,0.8246070893776332,3,59.73134328358209,0.4,yielding,,,,,
buchanan2018_29,buchanan2018,buchanan2018_E,experimental,1.4512,ferritic,cold_formed,218750,360.0,5.1,measured,438.0,375.5,1.6,CHS,80.03,,1.34,899.1,899.1,pin-pin,0.53,0.31,0.84,105.8,global_flexural,-,331.26398072071515,256477.48074682665,256477.48074682665,27.825149819902144,32.3124944814102,684.9849836441232,119.25503305945746,0.417251429370138,0.8871742960085456,0.8246070893776332,3,59.723880597014926,0.4,global_flexural,,,,,
buchanan2018_30,buchanan2018,buchanan2018_E,experimental,1.4512,ferritic,cold_formed,218750,360.0,5.1,measured,438.0,375.5,1.6,CHS,80.13,,1.34,1099.1,1099.1,pin-pin,0.28,0.71,0.99,97.8,global_flexural,-,331.6849541362955,257456.33659956328,257456.33659956328,27.860500040379772,39.450117492759034,460.1262143597653,119.40658348906638,0.50941959687277,0.8190503165091829,0.8246070893776332,3,59.79850746268656,0.4,global_flexural,,,,,
buchanan2018_31,buchanan2018,buchanan2018_E,experimental,1.4512,ferritic,cold_formed,218750,360.0,5.1,measured,438.0,375.5,1.6,CHS,80.0,,1.34,1599.3,1599.3,pin-pin,0.77,0.8,1.57,77.9,global_flexural,-,331.1376886960411,256184.30860823425,256184.30860823425,27.8145447562961,57.49869408299348,216.24220347383172,119.20956793057479,0.7424809714659418,0.6534710372020421,0.8246070893776332,3,59.70149253731343,0.4,global_flexural,,,,,
buchanan2018_32,buchanan2018,buchanan2018_F,experimental,1.4512,ferritic,cold_formed,219550,337.0,5.6,measured,467.0,346.0,2.4,CHS,101.7,,1.34,799.3,799.3,pin-pin,0.3,0.38,0.68,137.5,global_flexural,-,422.488919877125,532015.2220838692,532015.2220838692,35.48578095519388,22.524514847488803,1804.4199473234987,142.37876599859112,0.28090133457703725,0.9657338932222562,0.8538391302939227,4,75.8955223880597,0.4,local,,,,,
buchanan2018_33,buchanan2018,buchanan2018_F,experimental,1.4512,ferritic,cold_formed,219550,337.0,5.6,measured,467.0,346.0,2.4,CHS,101.82,,1.34,1099.5,1099.5,pin-pin,0.69,0.33,1.02,121.2,global_flexural,-,422.9940879758226,533925.662278268,533925.662278268,35.528203585320774,30.94724441554038,957.02551041819,142.54900764785222,0.3859404882487948,0.8502339090245229,0.8538391302939227,4,75.98507462686567,0.4,local,,,,,
buchanan2018_34,buchanan2018,buchanan2018_F,experimental,1.4512,ferritic,cold_formed,219550,337.0,5.6,measured,467.0,346.0,2.4,CHS,101.71,,1.34,1599.3,1599.3,pin-pin,0.84,0.58,1.42,104.1,global_flexural,-,422.53101721868256,532174.2510814734,532174.2510814734,35.48931617402625,45.06426644451628,450.84490907029874,142.39295280269604,0.5619926853790191,0.7310755058520634,0.8538391302939227,4,75.90298507462686,0.4,interactive,,,,,
huang2013_01,huang2013,huang2013_A,experimental,1.4162,lean_duplex,cold_formed,198000,683.0,7.0,measured,764.0,,,RHS,30.1,50.1,2.563,550.0,660.0,pin-pin,0.32,-0.31,0.01,154.2,global_flexural,minor,384.82932400000004,126108.89955930859,55478.6327673886,12.006842004626243,54.968658681916665,248.88734460338125,262.838428292,1.0276447873886307,0.5866722039164368,0.5695692402430818,4,17.547405384315255,0.4,interactive,,,,,
huang2013_02,huang2013,huang2013_A,experimental,1.4162,lean_duplex,cold_formed,198000,683.0,7.0,measured,764.0,,,RHS,30.2,50.5,2.574,900.0,1010.0,pin-pin,0.32,-0.05,0.27,85.4,global_flexural,minor,388.94169599999987,129377.61998089838,56491.34835312882,12.0517112721464,83.80552580398151,108.21915257841725,265.6471783679999,1.5667530154807492,0.3214790404500203,0.5695692402430818,4,17.619269619269623,0.4,interactive,,,,,
huang2013_03,huang2013,huang2013_A,experimental,1.4162,lean_duplex,cold_formed,198000,683.0,7.0,measured,764.0,,,RHS,30.2,50.1,2.56,1200.0,1310.0,pin-pin,0.51,-0.37,0.14,55.3,global_flexural,minor,384.9215999999999,126277.18300671996,55862.80394752,12.046897748292212,108.74168830607928,63.61288245914095,262.9014527999999,2.0329371652713055,0.21034497683840878,0.5695692402430818,4,17.5703125,0.4,interactive,,,,,
huang2013_04,huang2013,huang2013_A,experimental,1.4162,lean_duplex,cold_formed,198000,683.0,7.0,measured,764.0,,,RHS,30.1,50.4,2.551,1550.0,1660.0,pin-pin,0.64,-0.45,0.19,36.2,global_flexural,minor,384.6805959999999,127502.17467001721,55570.16785924687,12.019065839218937,138.11389522331427,39.4085511351552,262.7368470679999,2.582053626476255,0.13778044611546603,0.5695692402430818,4,17.756958055664445,0.4,interactive,,,,,
huang2013_05,huang2013,huang2013_B,experimental,1.4162,lean_duplex,cold_formed,194000,610.0,5.0,measured,734.0,,,SHS,50.5,50.5,1.507,900.0,1010.0,pin-pin,0.38,0.13,0.51,120.8,global_flexural,minor,295.3298040000004,118259.16434761028,118259.16434761028,20.010768342736533,50.472824566309455,221.96961745846377,180.15118044000025,0.9008900478804862,0.6705479237213919,0.596568380777102,4,31.510285335102854,0.4,interactive,,,,,
huang2013_06,huang2013,huang2013_B,experimental,1.4162,lean_duplex,cold_formed,194000,610.0,5.0,measured,734.0,,,SHS,50.4,50.5,1.497,1200.0,1310.0,pin-pin,0.32,0.09,0.41,92.3,global_flexural,minor,293.13056400000005,117365.0728643317,117006.2206502452,19.979008149417883,65.56882054418546,130.54728243994614,178.80964404000005,1.170338660201466,0.5161913972568074,0.596568380777102,4,31.734134936539743,0.4,interactive,,,,,
huang2013_07,huang2013,huang2013_B,experimental,1.4162,lean_duplex,cold_formed,194000,610.0,5.0,measured,734.0,,,SHS,50.7,50.8,1.51,1550.0,1660.0,pin-pin,0.32,0.16,0.48,65.4,global_flexural,minor,297.4096000000004,120478.24256405351,120112.01670725348,20.096283004671413,82.602339925952,83.45872739556529,181.41985600000027,1.4743701508752778,0.36048975807807887,0.596568380777102,4,31.64238410596026,0.4,interactive,,,,,
huang2013_08,huang2013,huang2013_C,experimental,1.4162,lean_duplex,cold_formed,198000,635.0,6.0,measured,756.0,,,SHS,50.0,50.1,2.487,900.0,1010.0,pin-pin,0.32,-0.27,0.05,242.8,global_flexural,minor,473.15672399999994,179168.25465052578,178605.1232756755,19.428731573256176,51.984865619857246,342.149650354147,300.45451973999997,0.9370900368604714,0.8081089950322877,0.5907041421702178,4,18.14475271411339,0.4,interactive,,,,,
huang2013_09,huang2013,huang2013_C,experimental,1.4162,lean_duplex,cold_formed,198000,635.0,6.0,measured,756.0,,,SHS,50.0,50.2,2.52,1200.0,1310.0,pin-pin,0.32,0.05,0.37,146.1,global_flexural,minor,479.6063999999999,182038.64284031992,180896.59402751992,19.421050165204914,67.4525830918772,205.99312887949705,304.55006399999996,1.21591434011049,0.4797240824089927,0.5907041421702178,3,17.92063492063492,0.4,global_flexural,,,,,
huang2013_10,huang2013,huang2013_C,experimental,1.4162,lean_duplex,cold_formed,198000,635.0,6.0,measured,756.0,,,SHS,50.0,50.3,2.489,1550.0,1660.0,pin-pin,0.44,0.11,0.55,103.9,global_flexural,minor,474.51291600000036,180987.09361190523,179289.37523982767,19.438075194830716,85.39940211988961,127.14617904385317,301.31570166000023,1.5394274453951993,0.34482106119129197,0.5907041421702178,4,18.208919244676576,0.4,interactive,,,,,
huang2013_11,huang2013,huang2013_D,experimental,1.4162,lean_duplex,cold_formed,194000,613.0,8.0,measured,738.0,,,RHS,50.7,70.5,2.553,900.0,1010.0,pin-pin,0.32,0.29,0.61,270.7,global_flexural,minor,592.7759639999999,417923.64297075226,249141.37949823946,20.501122452624635,49.26559520504185,467.6323987690656,363.371665932,0.8815018614157054,0.7449672756011135,0.5951067982280902,4,25.614571092831966,0.4,interactive,,,,,
huang2013_12,huang2013,huang2013_D,experimental,1.4162,lean_duplex,cold_formed,194000,613.0,8.0,measured,738.0,,,RHS,50.7,70.4,2.513,1200.0,1310.0,pin-pin,0.38,-0.18,0.2,211.2,global_flexural,minor,583.3879239999997,410744.7513604046,245490.53840509336,20.513447849851797,63.860546973309724,273.9010154793595,357.61679741199976,1.14264713120195,0.5905762859250784,0.5951067982280902,4,26.014325507361725,0.4,interactive,,,,,
huang2013_13,huang2013,huang2013_D,experimental,1.4162,lean_duplex,cold_formed,194000,613.0,8.0,measured,738.0,,,RHS,50.8,70.5,2.527,1550.0,1660.0,pin-pin,0.44,-0.05,0.39,148.3,global_flexural,minor,587.5072840000003,414756.26600523526,248082.93666241862,20.5490533361456,80.78231015538195,172.37814125511844,360.14196509200013,1.4454256865274289,0.4117820592279936,0.5951067982280902,4,25.898694103680253,0.4,interactive,,,,,
huang2013_14,huang2013,huang2013_E,experimental,1.4162,lean_duplex,cold_formed,200000,625.0,6.0,measured,727.0,,,RHS,50.4,100.4,2.497,900.0,1010.0,pin-pin,0.38,0.16,0.54,335.2,interactive,minor,728.1551639999998,964666.1547751514,326858.39213695115,21.186921286028333,47.67091859948723,632.4797618993911,455.09697749999987,0.8482593567351062,0.7365463111650749,0.5984105932344765,4,38.20824989987986,0.4,interactive,,,,,
huang2013_15,huang2013,huang2013_E,experimental,1.4162,lean_duplex,cold_formed,200000,625.0,6.0,measured,727.0,,,RHS,50.4,100.1,2.49,900.0,1010.0,pin-pin,0.32,0.3,0.62,336.0,interactive,minor,724.6896000000006,955135.2240195206,325202.3242891198,21.18365066955974,47.6782786760801,629.2752261637851,452.9310000000004,0.8483903224059931,0.741834849016737,0.5984105932344765,4,38.2008032128514,0.4,interactive,,,,,
huang2013_16,huang2013,huang2013_E,experimental,1.4162,lean_duplex,cold_formed,200000,625.0,6.0,measured,727.0,,,RHS,50.5,100.1,2.48,1200.0,1310.0,pin-pin,0.44,0.23,0.67,249.0,global_flexural,minor,722.3743999999997,952826.6807581857,325511.8108445865,21.227663870378112,61.711924967307574,374.4155702952389,451.4839999999998,1.0981059168475207,0.5515145608703744,0.5984105932344765,4,38.362903225806456,0.4,interactive,,,,,
huang2013_17,huang2013,huang2013_E,experimental,1.4162,lean_duplex,cold_formed,200000,625.0,6.0,measured,727.0,,,RHS,50.8,100.6,2.513,1200.0,1310.0,pin-pin,0.44,0.18,0.62,252.2,global_flexural,minor,735.6757239999997,979894.2695454825,335163.3951822824,21.344455379049954,61.37425278537645,385.5171750102098,459.7973274999998,1.0920973565712078,0.5485025356090181,0.5984105932344765,4,38.03183446080382,0.4,interactive,,,,,
huang2013_18,huang2013,huang2013_E,experimental,1.4162,lean_duplex,cold_formed,200000,625.0,6.0,measured,727.0,,,RHS,50.4,100.2,2.51,1550.0,1660.0,pin-pin,0.7,-0.52,0.18,193.7,global_flexural,minor,730.8116,964479.0808019862,327762.5017635867,21.177608567407614,78.38467666055287,234.78634271432387,456.75725,1.3947819206212038,0.4240764651245273,0.5984105932344765,4,37.920318725099605,0.4,interactive,,,,,
huang2013_19,huang2013,huang2013_F,experimental,1.4162,lean_duplex,cold_formed,202000,664.0,4.0,measured,788.0,,,RHS,50.3,150.4,2.473,900.0,1010.0,pin-pin,0.32,-0.16,0.16,333.5,interactive,minor,968.1992839999994,2629504.704410096,464222.11809764913,21.896794160403413,46.12547355568658,907.2650811603132,642.8843245759995,0.8417813900623374,0.5187558433936816,0.5834665039368531,4,58.816821674080074,0.4,interactive,,,,,
huang2013_20,huang2013,huang2013_F,experimental,1.4162,lean_duplex,cold_formed,202000,664.0,4.0,measured,788.0,,,RHS,50.5,149.9,2.459,1200.0,1310.0,pin-pin,0.51,-0.49,0.02,284.5,interactive,minor,961.3804760000003,2598847.712428232,464543.02905245265,21.98190490043906,59.594471267766906,539.6776974852028,638.3566360640002,1.0875881155614977,0.44567563635615853,0.5834665039368531,4,58.95973973159821,0.4,interactive,,,,,
huang2013_21,huang2013,huang2013_F,experimental,1.4162,lean_duplex,cold_formed,202000,664.0,4.0,measured,788.0,,,RHS,50.3,150.5,2.487,1550.0,1660.0,pin-pin,0.38,-0.24,0.14,230.0,interactive,minor,974.0385240000005,2647879.202026017,466817.01296257804,21.891991493652228,75.82681550380336,337.7393118083348,646.7615799360003,1.3838254057539698,0.3556179079511177,0.5834665039368531,4,58.51467631684761,0.4,interactive,,,,,
ning2021_01,ning2021_A,ning2021_01,experimental,2205,duplex,hot_rolled,207421,606.0,5.8,measured,766.0,,,CHS,113.9,,5.98,3022.0,3362.0,pin-pin,1.28,0.095,1.375,456.8,global_flexural,-,2027.4632614689551,2960726.598699504,2960726.598699504,38.21401379075484,87.97819612483032,536.2352460970025,1228.6427364501867,1.5136836872971613,0.37179237417688527,0.6188912370930943,1,19.046822742474916,0.4,global_flexural,,,,,
ning2021_02,ning2021_A,ning2021_02,experimental,2205,duplex,hot_rolled,207421,606.0,5.8,measured,766.0,,,CHS,114.9,,6.44,3522.0,3862.0,pin-pin,1.78,0.119,1.899,402.0,global_flexural,-,2194.347176501767,3238045.9503869675,3238045.9503869675,38.41393822559723,100.53642449569377,444.437747312231,1329.7743889600708,1.7297506932557363,0.3023069201343077,0.6188912370930943,1,17.841614906832298,0.4,global_flexural,,,,,
ning2021_03,ning2021_A,ning2021_03,experimental,2205,duplex,hot_rolled,207421,606.0,5.8,measured,766.0,,,CHS,114.5,,6.28,4022.0,4362.0,pin-pin,2.0,0.128,2.128,323.6,global_flexural,-,2135.0942257809406,3136188.345724072,3136188.345724072,38.32591616647931,113.81332623732818,337.4296824584022,1293.8671008232502,1.958182628318875,0.2501029663665632,0.6188912370930943,1,18.23248407643312,0.4,global_flexural,,,,,
ning2021_04,ning2021_A,ning2021_04,experimental,2205,duplex,hot_rolled,207421,606.0,5.8,measured,766.0,,,CHS,114.4,,6.09,4523.0,4863.0,pin-pin,2.0,-0.055,1.945,214.8,global_flexural,-,2072.2193328897924,3048271.9904343598,3048271.9904343598,38.353852805161566,126.79299846886698,263.8746349352027,1255.7649157312142,2.181500666068448,0.17105112374868747,0.6188912370930943,1,18.78489326765189,0.4,global_flexural,,,,,
ning2021_05,ning2021_B,ning2021_05,experimental,2205,duplex,hot_rolled,205678,560.0,4.3,measured,800.0,,,CHS,219.7,,6.34,2524.0,2864.0,pin-pin,1.5,-0.414,1.086,2134.1,global_flexural,-,4249.639922333282,24203125.74932797,24203125.74932797,75.46744761816183,37.95013731603606,5989.809577795048,2379.798356506638,0.6303236062040649,0.8967566492199346,0.6410976583040943,3,34.65299684542587,0.4,global_flexural,,,,,
ning2021_06,ning2021_B,ning2021_06,experimental,2205,duplex,hot_rolled,205678,560.0,4.3,measured,800.0,,,CHS,220.5,,7.08,4023.0,4363.0,pin-pin,1.4,0.137,1.537,1673.6,global_flexural,-,4746.989225234267,27056784.040178925,27056784.040178925,75.49687311405684,57.790472903541335,2885.3156757916786,2658.3139661311893,0.9598568506208315,0.629571984845603,0.6410976583040943,3,31.14406779661017,0.4,global_flexural,,,,,
ning2021_07,ning2021_B,ning2021_07,experimental,2205,duplex,hot_rolled,205678,560.0,4.3,measured,800.0,,,CHS,220.3,,6.88,4530.0,4870.0,pin-pin,2.56,0.241,2.801,1430.4,global_flexural,-,4612.893484408437,26290858.20701446,26290858.20701446,75.49456172466992,64.50795777530283,2250.2689438242696,2583.2203512687247,1.0714292872033144,0.5537274430721608,0.6410976583040943,3,32.020348837209305,0.4,global_flexural,,,,,
rasmussen1993_01,rasmussen1993,rasmussen1993_A,experimental,304L,austenitic,cold_formed,191000,440.0,3.0,measured,,,,SHS,80.5,80.5,2.9,1001.0,1451.0,pin-pin,0.3,0.4,0.7,390.0,global_flexural,-,900.1599999999999,904686.3045333329,904686.3045333329,31.70218183868948,45.76972043700769,810.0210473776933,396.0703999999999,0.6992589627943074,0.984673431793944,0.6969708733285762,4,25.758620689655174,0.4,interactive,,,,,
rasmussen1993_02,rasmussen1993,rasmussen1993_A,experimental,304L,austenitic,cold_formed,191000,440.0,3.0,measured,,,,SHS,80.3,80.3,2.98,1001.0,1451.0,pin-pin,0.6,0.3,0.9,344.0,global_flexural,-,921.6543999999985,919697.850596052,919697.850596052,31.589193299819062,45.9334300255243,823.4618038073538,405.52793599999933,0.7017600791649691,0.8482769482988234,0.6969708733285762,4,24.946308724832218,0.4,interactive,,,,,
rasmussen1993_03,rasmussen1993,rasmussen1993_A,experimental,304L,austenitic,cold_formed,191000,440.0,3.0,measured,,,,SHS,80.4,80.4,2.99,2000.0,2450.0,pin-pin,0.1,0.5,0.6,193.0,global_flexural,-,925.8236000000006,926016.2021695875,926016.2021695875,31.62606572644365,77.46774515653618,290.8168254265532,407.36238400000025,1.1835338868352223,0.47377963106186033,0.6969708733285762,4,24.88963210702341,0.4,interactive,,,,,
rasmussen1993_04,rasmussen1993,rasmussen1993_A,experimental,304L,austenitic,cold_formed,191000,440.0,3.0,measured,,,,SHS,80.6,80.6,2.93,2000.0,2450.0,pin-pin,0.7,3.4,4.1,158.0,global_flexural,-,910.2923999999994,916545.1681525199,916545.1681525199,31.731198632681167,77.21107634038923,287.84243249487736,400.5286559999997,1.1796125613727353,0.3944786412485805,0.6969708733285762,4,25.508532423208187,0.4,interactive,,,,,
rasmussen1993_05,rasmussen1993,rasmussen1993_A,experimental,304L,austenitic,cold_formed,191000,440.0,3.0,measured,,,,SHS,80.7,80.7,2.95,3002.0,3452.0,pin-pin,1.6,0.5,2.1,96.0,global_flexural,-,917.4500000000007,925671.1165416678,925671.1165416678,31.764143831265685,108.67599700899763,146.4361328499307,403.67800000000034,1.6603261768604578,0.23781330664539538,0.6969708733285762,4,25.355932203389827,0.4,interactive,,,,,
rasmussen1993_06,rasmussen1993,rasmussen1993_A,experimental,304L,austenitic,cold_formed,191000,440.0,3.0,measured,,,,SHS,80.2,80.2,2.98,3001.0,3451.0,pin-pin,2.1,3.2,5.3,98.0,global_flexural,-,920.4623999999994,916137.5767315194,916137.5767315194,31.548398797192018,109.38748499360157,145.01198277971613,405.0034559999998,1.6711961219989582,0.2419732438036283,0.6969708733285762,4,24.912751677852352,0.4,interactive,,,,,
rasmussen1993_07,rasmussen1993,rasmussen1993_B,experimental,304L,austenitic,cold_formed,201000,380.0,6.0,measured,,,,CHS,101.4,,2.98,1000.0,1450.0,pin-pin,0.2,0.4,0.6,328.0,global_flexural,-,921.4027359195948,1116668.3386614213,1116668.3386614213,34.81267154356299,41.65150032181633,1053.6199879723144,350.133039649446,0.5764671268086778,0.9367867720464037,0.7693616140886435,2,34.0268456375839,0.4,global_flexural,,,,,
rasmussen1993_08,rasmussen1993,rasmussen1993_B,experimental,304L,austenitic,cold_formed,201000,380.0,6.0,measured,,,,CHS,101.5,,2.98,1001.0,1451.0,pin-pin,0.2,1.7,1.9,303.0,global_flexural,-,922.3389305303652,1120073.501462347,1120073.501462347,34.848010703625526,41.63795782607013,1055.3766974912837,350.4887936015388,0.5762796952983525,0.8645069558043345,0.7693616140886435,2,34.06040268456376,0.4,global_flexural,,,,,
rasmussen1993_09,rasmussen1993,rasmussen1993_B,experimental,304L,austenitic,cold_formed,201000,380.0,6.0,measured,,,,CHS,101.5,,2.95,2000.0,2450.0,pin-pin,0.0,0.1,0.1,241.0,global_flexural,-,913.3316702332596,1109789.883332727,1109789.883332727,34.858293489498294,70.28456515629796,366.77894385370274,347.06603468863864,0.9727558676542185,0.6943923516347745,0.7693616140886435,2,34.40677966101695,0.4,global_flexural,,,,,
rasmussen1993_10,rasmussen1993,rasmussen1993_B,experimental,304L,austenitic,cold_formed,201000,380.0,6.0,measured,,,,CHS,101.4,,2.92,2001.0,2451.0,pin-pin,0.7,1.4,2.1,198.0,global_flexural,-,903.4014100145266,1096146.2564876128,1096146.2564876128,34.833239872282924,70.3638251562778,361.9742569824823,343.2925358055201,0.9738528457728026,0.5767675651187758,0.7693616140886435,2,34.726027397260275,0.4,global_flexural,,,,,
rasmussen1993_11,rasmussen1993,rasmussen1993_B,experimental,304L,austenitic,cold_formed,201000,380.0,6.0,measured,,,,CHS,101.4,,2.93,3000.0,3450.0,pin-pin,0.7,-0.4,0.3,171.0,global_flexural,-,906.4032017950318,1099571.977287901,1099571.977287901,34.8298108665551,99.0530787898369,183.26573624846833,344.43321668211206,1.3709192535766221,0.4964677961296083,0.7693616140886435,2,34.60750853242321,0.4,global_flexural,,,,,
rasmussen1993_12,rasmussen1993,rasmussen1993_B,experimental,304L,austenitic,cold_formed,201000,380.0,6.0,measured,,,,CHS,101.4,,2.93,3000.0,3450.0,pin-pin,1.2,2.4,3.6,127.0,global_flexural,-,906.4032017950318,1099571.977287901,1099571.977287901,34.8298108665551,99.0530787898369,183.26573624846833,344.43321668211206,1.3709192535766221,0.3687216965407032,0.7693616140886435,2,34.60750853242321,0.4,global_flexural,,,,,
rasmussen1993_13,rasmussen1993,rasmussen1993_B,experimental,304L,austenitic,cold_formed,201000,380.0,6.0,measured,,,,CHS,101.3,,2.96,4000.0,4450.0,pin-pin,0.7,0.3,1.0,113.0,global_flexural,-,914.474895799899,1106459.4353579178,1106459.4353579178,34.7841867807773,127.93169574569997,110.84376717484689,347.5004604039616,1.7706064968722748,0.3251794252837536,0.7693616140886435,2,34.222972972972975,0.4,global_flexural,,,,,
rasmussen1993_14,rasmussen1993,rasmussen1993_B,experimental,304L,austenitic,cold_formed,201000,380.0,6.0,measured,,,,CHS,101.3,,2.93,4000.0,4450.0,pin-pin,2.0,4.1,6.1,84.0,global_flexural,-,905.4827151475296,1096227.3802405437,1096227.3802405437,34.794471184370664,127.89388223261449,109.81873227622584,344.0834317560612,1.7700831484436583,0.24412683741061966,0.7693616140886435,2,34.57337883959044,0.4,global_flexural,,,,,
theofanous2009_01,theofanous2009,theofanous2009_B,experimental,1.4162,lean_duplex,cold_formed,197200,657.0,4.7,measured,773.0,770.0,2.6,SHS,79.5,79.6,3.8,1999.0,1999.0,,0.41,0.92,1.33,361.9,global_flexural,,1151.3999999999996,1104996.375999999,1102814.083499999,30.94838844794268,64.59140847874698,537.134900108663,756.4697999999999,1.1867359853094557,0.4784064082928361,0.5795555302099544,4,18.947368421052634,0.4,interactive,,,,,
theofanous2009_02,theofanous2009,theofanous2009_B,experimental,1.4162,lean_duplex,cold_formed,197200,657.0,4.7,measured,773.0,770.0,2.6,SHS,79.6,79.3,3.72,1199.5,1199.5,,0.1,0.7,0.8,672.5,global_flexural,,1126.8624,1076495.1002859194,1082900.5365171197,30.99979632385109,38.693802613054935,1464.8552782132574,740.3485968,0.7109200596621535,0.9083558784425861,0.5795555302099544,4,19.39784946236559,0.4,interactive,,,,,
theofanous2009_03,theofanous2009,theofanous2009_C,experimental,1.4162,lean_duplex,cold_formed,206400,711.0,5.0,measured,839.0,845.0,2.7,SHS,60.0,60.0,3.13,1999.0,1999.0,,0.31,1.02,1.33,162.3,global_flexural,,712.0123999999996,384960.63518718653,384960.63518718653,23.252217815368354,85.97029392520047,196.24571030021656,506.24081639999974,1.6061218588144448,0.32059840839020914,0.5699599371163039,3,17.16932907348243,0.4,global_flexural,,,,,
theofanous2009_04,theofanous2009,theofanous2009_C,experimental,1.4162,lean_duplex,cold_formed,206400,711.0,5.0,measured,839.0,845.0,2.7,SHS,60.0,59.6,3.15,1599.0,1599.0,,0.32,0.75,1.07,231.7,global_flexural,,713.7899999999995,380941.6994249998,384989.4704249999,23.22411621869502,68.85084387895166,306.7336075332721,507.50468999999964,1.28629134905621,0.45654750500926433,0.5699599371163039,3,17.047619047619047,0.4,global_flexural,,,,,
theofanous2009_05,theofanous2009,theofanous2009_C,experimental,1.4162,lean_duplex,cold_formed,206400,711.0,5.0,measured,839.0,845.0,2.7,SHS,60.0,60.0,3.13,1199.0,1199.0,,0.26,0.54,0.8,326.9,global_flexural,,712.0123999999996,384960.63518718653,384960.63518718653,23.252217815368354,51.56497369500518,545.4907548098365,506.24081639999974,0.9633517302243718,0.6457401090743029,0.5699599371163039,3,17.16932907348243,0.4,global_flexural,,,,,
theofanous2009_06,theofanous2009,theofanous2009_C,experimental,1.4162,lean_duplex,cold_formed,206400,711.0,5.0,measured,839.0,845.0,2.7,SHS,60.0,60.0,3.13,799.0,799.0,,0.23,0.3,0.53,445.9,global_flexural,,712.0123999999996,384960.63518718653,384960.63518718653,23.252217815368354,34.362313579907536,1228.3784871975072,506.24081639999974,0.6419666659293354,0.8808061016709442,0.5699599371163039,3,17.16932907348243,0.4,global_flexural,,,,,
theofanous2009_07,theofanous2009,theofanous2009_D,experimental,1.4162,lean_duplex,cold_formed,204000,607.0,4.6,measured,817.0,734.0,2.9,RHS,79.2,39.0,3.8,1600.0,1600.0,,0.03,1.04,1.07,160.4,global_flexural,minor,840.56,206782.50746666663,654099.4314666664,27.895716851982048,57.3564754937035,514.4388031331661,510.21992,0.9958910870809048,0.3143742408175675,0.6132605412137189,4,18.842105263157897,0.4,interactive,,,,,
theofanous2009_08,theofanous2009,theofanous2009_D,experimental,1.4162,lean_duplex,cold_formed,204000,607.0,4.6,measured,817.0,734.0,2.9,RHS,39.3,79.5,3.95,1599.5,1599.5,,0.25,0.82,1.07,406.3,global_flexural,major,876.1100000000001,685077.9860916667,217404.38509166663,27.96344587008843,57.19967444037117,539.1398535668642,531.7987700000001,0.9931685214051997,0.7640107930298521,0.6132605412137189,3,18.12658227848101,0.4,global_flexural,,,,,
theofanous2009_09,theofanous2009,theofanous2009_D,experimental,1.4162,lean_duplex,cold_formed,204000,607.0,4.6,measured,817.0,734.0,2.9,RHS,79.2,40.0,3.8,1199.0,1199.0,,0.15,0.65,0.8,237.4,global_flexural,minor,848.1599999999999,219460.39680000002,664910.3808,27.99900919905975,42.822943893324066,931.2250713636338,514.8331199999999,0.7435426911928855,0.461120294669465,0.6132605412137189,4,18.842105263157897,0.4,interactive,,,,,
theofanous2009_10,theofanous2009,theofanous2009_D,experimental,1.4162,lean_duplex,cold_formed,204000,607.0,4.6,measured,817.0,734.0,2.9,RHS,39.5,79.6,3.96,1199.5,1199.5,,0.13,0.67,0.8,497.7,global_flexural,major,880.5456000000004,690953.93824512,220683.63883632002,28.012290570421737,42.82048970556359,966.8931973637261,534.4911792000003,0.7435000786771121,0.9311659749837827,0.6132605412137189,3,18.1010101010101,0.4,global_flexural,,,,,
theofanous2009_11,theofanous2009,theofanous2009_D,experimental,1.4162,lean_duplex,cold_formed,204000,607.0,4.6,measured,817.0,734.0,2.9,RHS,79.4,39.5,3.8,797.2,797.2,,0.22,0.31,0.53,366.6,global_flexural,minor,845.8800000000001,213554.81490000003,663724.9556000001,28.011714755116518,28.459521559792638,2102.729849808201,513.4491600000001,0.49414793395203876,0.7139947409788341,0.6132605412137189,4,18.894736842105267,0.4,interactive,,,,,
theofanous2009_12,theofanous2009,theofanous2009_D,experimental,1.4162,lean_duplex,cold_formed,204000,607.0,4.6,measured,817.0,734.0,2.9,RHS,39.5,79.9,3.93,799.0,799.0,,0.28,0.25,0.53,546.2,global_flexural,major,876.7044000000001,693249.5410409198,220199.81979452,28.120186860137867,28.413751443900708,2186.3815049590626,532.1595708000001,0.49335321896861145,1.0263838704975141,0.6132605412137189,3,18.330788804071247,0.4,global_flexural,,,,,
young2002_01,young2002,young2002_A,experimental,304,austenitic,cold_formed,190000,242.0,9.0,measured,,,,CHS,89.0,,2.71,1000.0,500.0,fixed-fixed,,,,198.4,,-,734.6485615120935,684445.2684545366,684445.2684545366,30.52316374493313,16.38100179189323,5133.955065721197,177.78495188592663,0.18608932802978292,1.1159549663533994,0.9373319080580972,1,32.84132841328413,0.4,yielding,0.25,0.0,0.25,,
young2002_02,young2002,young2002_A,experimental,304,austenitic,cold_formed,190000,242.0,9.0,measured,,,,CHS,89.2,,2.83,1500.0,750.0,fixed-fixed,,,,177.4,,-,767.8903816982573,716805.1110503534,716805.1110503534,30.552794062082114,24.547673069639018,2389.636883487509,185.82947237097827,0.2788632859123795,0.954638668110997,0.9373319080580972,1,31.519434628975265,0.4,yielding,0.5,0.0,0.5,,
young2002_03,young2002,young2002_A,experimental,304,austenitic,cold_formed,190000,242.0,9.0,measured,,,,CHS,89.0,,2.78,2001.0,1000.5,fixed-fixed,,,,165.1,,-,753.0133696871836,700454.6178110943,700454.6178110943,30.499214743989715,32.80412326671991,1312.1973705353528,182.22923546429843,0.3726571386086486,0.9060017158023235,0.9373319080580972,1,32.014388489208635,0.4,yielding,0.38,0.0,0.38,,
young2002_04,young2002,young2002_A,experimental,304,austenitic,cold_formed,190000,242.0,9.0,measured,,,,CHS,88.9,,2.78,2499.0,1249.5,fixed-fixed,,,,151.6,,-,752.1400069294856,698021.9163298942,698021.9163298942,30.46387778993344,41.015789539862446,838.3973252965735,182.0178816769355,0.46594224279135904,0.8328852011863078,0.9373319080580972,1,31.978417266187055,0.4,global_flexural,2.75,0.0,2.75,,
young2002_05,young2002,young2002_A,experimental,304,austenitic,cold_formed,190000,242.0,9.0,measured,,,,CHS,88.9,,2.68,3001.0,1500.5,fixed-fixed,,,,133.4,,-,725.9265578279321,675208.864049742,675208.864049742,30.49809584219972,49.1997929235891,562.3665515885139,175.67422699435957,0.5589130946122078,0.7593601080953276,0.9373319080580972,1,33.17164179104478,0.4,global_flexural,0.13,0.0,0.13,,
young2002_06,young2002,young2002_B,experimental,304,austenitic,cold_formed,195000,247.0,7.0,measured,,,,CHS,168.5,,3.31,999.0,499.5,fixed-fixed,,,,474.9,,-,1717.7565753779088,5861563.503220958,5861563.503220958,58.41520799415168,8.550855456168335,45214.40770094457,424.2858741183435,0.09687034878417994,1.11929250764436,0.939924809022797,2,50.90634441087613,0.4,yielding,0.25,0.0,0.25,,
young2002_07,young2002,young2002_B,experimental,304,austenitic,cold_formed,195000,247.0,7.0,measured,,,,CHS,168.8,,3.37,1500.0,750.0,fixed-fixed,,,,461.0,,-,1751.4350769429213,5993945.415070045,5993945.415070045,58.50047200664286,12.820409379172801,20508.061616801093,432.6044640049016,0.14523898041342267,1.065638564457293,0.939924809022797,2,50.089020771513354,0.4,yielding,0.25,0.0,0.25,,
young2002_08,young2002,young2002_B,experimental,304,austenitic,cold_formed,195000,247.0,7.0,measured,,,,CHS,168.7,,3.26,2004.0,1002.0,fixed-fixed,,,,431.6,,-,1694.3689888682609,5799194.150603056,5799194.150603056,58.50322768873528,17.127260145903605,11116.461350507467,418.5091402504604,0.19403013798510932,1.0312797463436647,0.939924809022797,2,51.74846625766871,0.4,yielding,0.38,0.0,0.38,,
young2002_09,young2002,young2002_C,experimental,304,austenitic,cold_formed,202000,248.0,9.0,measured,,,,CHS,322.5,,4.25,1499.0,749.5,fixed-fixed,,,,1119.7,,-,4249.2004135210445,53806097.780018374,53806097.780018374,112.52839919327032,6.660540853449049,190958.6505567785,1053.8017025532192,0.07428647987711566,1.0625338688361559,0.9547158398546824,3,75.88235294117646,0.4,yielding,0.25,0.0,0.25,,
young2002_10,young2002,young2002_C,experimental,304,austenitic,cold_formed,202000,248.0,9.0,measured,,,,CHS,320.4,,4.48,1999.0,999.5,fixed-fixed,,,,1087.8,,-,4446.36394102695,55482572.28673734,55482572.28673734,111.7058172164725,8.94760921951888,110724.08640962616,1102.6982573746836,0.09979465734976865,0.9864892709541833,0.9547158398546824,3,71.51785714285712,0.4,yielding,0.62,0.0,0.62,,
young2002_11,young2002,young2002_C,experimental,304,austenitic,cold_formed,202000,248.0,9.0,measured,,,,CHS,324.1,,4.24,2498.0,1249.0,fixed-fixed,,,,1045.7,,-,4260.6480629914695,54498160.91490015,54498160.91490015,113.09752274033231,11.043566381800044,69647.9094186663,1056.6407196218845,0.12317132945267589,0.9896457524126085,0.9547158398546824,3,76.43867924528303,0.4,yielding,0.5,0.0,0.5,,
young2002_12,young2002,young2002_C,experimental,304,austenitic,cold_formed,202000,248.0,9.0,measured,,,,CHS,324.3,,4.38,2998.0,1499.0,fixed-fixed,,,,1009.5,,-,4402.155449205634,56329976.06555649,56329976.06555649,113.11940085590973,13.251484614115045,49978.98314124233,1091.734551402997,0.14779672804177854,0.9246753239628472,0.9547158398546824,3,74.04109589041096,0.4,yielding,1.5,0.0,1.5,,
yuan2015_01,yuan2015,yuan2015_A,experimental,1.4301,austenitic,welded,188600,312.6,5.8,measured,695.7,354.4,,I,245.5,252.7,6.0,2938.0,3278.0,pin-pin,,,,842.9,interactive,minor,4390.2,51805540.056499995,14800678.975,58.06289244881427,56.45602314575945,2563.92415703069,1372.37652,0.7316174449876857,0.6141900474951291,0.8216760739762626,4,40.11666666666667,0.4,interactive,0.28,-1.86,-1.58,6.0,6.0
yuan2015_02,yuan2015,yuan2015_A,experimental,1.4301,austenitic,welded,188600,312.6,5.8,measured,695.7,354.4,,I,305.0,313.3,6.0,3137.1,3477.1,pin-pin,,,,990.5,interactive,minor,5467.8,100093701.94849992,28378048.400000002,72.04186583310546,48.264990915909415,4369.0759753918865,1709.2342800000004,0.6254693010360195,0.5794992597503953,0.8216760739762626,4,50.21666666666667,0.4,interactive,0.39,-0.42,-0.03,6.0,6.0
yuan2015_03,yuan2015,yuan2015_A,experimental,1.4301,austenitic,welded,188600,312.6,5.8,measured,695.7,354.4,,I,245.5,373.1,6.0,2888.5,3228.5,pin-pin,,,,893.5,interactive,minor,5112.6,122803847.0305001,14802846.174999999,53.80860155821579,59.99970091226158,2643.5350833281805,1598.1987600000002,0.7775402062614347,0.5590668835207956,0.8216760739762626,4,60.18333333333334,0.4,interactive,0.6,-1.64,-1.03,6.0,6.0
yuan2015_04,yuan2015,yuan2015_A,experimental,1.4301,austenitic,welded,188600,312.6,5.8,measured,695.7,354.4,,I,173.5,434.1,6.0,2037.4,2377.4,pin-pin,,,,716.9,interactive,minor,4614.6,133000520.93549998,5230338.175,33.666491077365265,70.61620988468202,1722.5295729604002,1442.5239600000002,0.9151202683397975,0.496976147280077,0.8216760739762626,4,70.35000000000001,0.4,interactive,-0.5,-1.76,-2.26,6.0,6.0
yuan2015_05,yuan2015,yuan2015_A,experimental,1.4301,austenitic,welded,188600,312.6,5.8,measured,695.7,354.4,,I,198.0,494.9,6.0,2137.6,2477.6,pin-pin,,,,737.3,interactive,minor,5273.4,198291222.13449988,7771084.2,38.38799679421083,64.54100778641408,2356.4632094437093,1648.46484,0.8363913110159152,0.44726461985079397,0.8216760739762626,4,80.48333333333333,0.4,interactive,-0.14,-6.49,-6.63,6.0,6.0
yuan2015_06,yuan2015,yuan2015_B,experimental,1.4462,duplex,welded,193200,605.6,7.4,measured,797.9,665.0,,I,245.0,253.3,6.0,2935.1,3275.1,pin-pin,,,,1290.1,interactive,minor,4387.8,51984357.6485,14710468.4,57.9015032103954,56.56329833267613,2615.075541705782,2657.2516800000003,1.0080317834589383,0.4855016217357325,0.597495875302887,4,40.21666666666667,0.4,interactive,0.54,-1.14,-0.6,6.0,6.0
yuan2015_07,yuan2015,yuan2015_B,experimental,1.4462,duplex,welded,193200,605.6,7.4,measured,797.9,665.0,,I,305.0,313.1,6.0,3139.9,3479.9,pin-pin,,,,1444.6,interactive,minor,5466.6,99954050.31549986,28378044.8,72.04976795963574,48.29855943393927,4468.438750443243,3310.5729600000004,0.8607433519584122,0.4363595116175901,0.597495875302887,4,50.18333333333334,0.4,interactive,-0.18,2.46,2.28,6.0,6.0
yuan2015_08,yuan2015,yuan2015_B,experimental,1.4462,duplex,welded,193200,605.6,7.4,measured,797.9,665.0,,I,245.0,374.0,6.0,2886.9,3226.9,pin-pin,,,,1322.3,interactive,minor,5112.0,123264424.0,14712641.0,53.647550396423284,60.149997085703646,2694.179277181593,3095.8272,1.0719514353766841,0.42712332264539826,0.597495875302887,4,60.333333333333336,0.4,interactive,0.19,-0.97,-0.78,6.0,6.0
yuan2015_09,yuan2015,yuan2015_B,experimental,1.4462,duplex,welded,193200,605.6,7.4,measured,797.9,665.0,,I,172.9,434.1,6.0,2039.3,2379.3,pin-pin,,,,1015.2,interactive,minor,4607.400000000001,132670614.0374999,5176341.289,33.51841643563246,70.98485707309952,1743.5377744868615,2790.2414400000002,1.265042778324644,0.36383948193386445,0.597495875302887,4,70.35000000000001,0.4,interactive,-2.08,-3.98,-6.06,6.0,6.0
yuan2015_10,yuan2015,yuan2015_B,experimental,1.4462,duplex,welded,193200,605.6,7.4,measured,797.9,665.0,,I,196.9,493.8,6.0,2140.5,2480.5,pin-pin,,,,1255.8,interactive,minor,5253.6,196483883.90399995,7642408.609000001,38.140521362004144,65.03581784991255,2368.4196666909315,3181.58016,1.1590231367056896,0.39470952697919764,0.597495875302887,4,80.3,0.4,interactive,0.14,-3.95,-3.8,6.0,6.0
